major,url,coursedepartment,coursemodeofstudy,education_background
Advanced Computer Science MSc,https://www.ox.ac.uk/admissions/graduate/courses/msc-advanced-computer-science,Department of Computer Science,        Full time  ,        1 year  
African Studies MSc,https://www.ox.ac.uk/admissions/graduate/courses/msc-african-studies,Oxford School of Global and Area Studies,        Full time  ,        9 months  
Ancient History DPhil,https://www.ox.ac.uk/admissions/graduate/courses/dphil-ancient-history,Faculty of Classics,        Full time  ,        3-4 years  
Ancient History DPhil,https://www.ox.ac.uk/admissions/graduate/courses/dphil-ancient-history-pt,Faculty of Classics,        Part time  ,        6-8 years  
Ancient Philosophy MSt,https://www.ox.ac.uk/admissions/graduate/courses/mst-ancient-philosophy,Faculty of Philosophy,        Full time  ,        9 months  
Anthropology DPhil,https://www.ox.ac.uk/admissions/graduate/courses/dphil-anthropology,School of Anthropology and Museum Ethnography,        Full time  ,        3-4 years  
Anthropology DPhil,https://www.ox.ac.uk/admissions/graduate/courses/dphil-anthropology-pt,School of Anthropology and Museum Ethnography,        Part time  ,        6-8 years  
Applied Landscape Archaeology MSc,https://www.ox.ac.uk/admissions/graduate/courses/msc-applied-landscape-archaeology,Department for Continuing Education,        Part time  ,        2 years  
Applied Linguistics and Second Language Acquisition MSc,https://www.ox.ac.uk/admissions/graduate/courses/msc-applied-linguistics-and-second-language-acquisition,Department of Education,        Full time  ,        1 year  
Applied Linguistics for Language Teaching MSc,https://www.ox.ac.uk/admissions/graduate/courses/msc-applied-linguistics-for-language-teaching,Department of Education,        Part time  ,        2 years  
Applied Theology MTh,https://www.ox.ac.uk/admissions/graduate/courses/mth-applied-theology,Faculty of Theology and Religion,        Full time  ,        2 years  
Applied Theology MTh,https://www.ox.ac.uk/admissions/graduate/courses/mth-applied-theology-pt,Faculty of Theology and Religion,        Part time  ,        3-4 years  
Applied Theology PGDip,https://www.ox.ac.uk/admissions/graduate/courses/pgdip-applied-theology,Faculty of Theology and Religion,        Full time  ,        1 year  
Applied Theology PGDip,https://www.ox.ac.uk/admissions/graduate/courses/pgdip-applied-theology-pt,Faculty of Theology and Religion,        Part time  ,        2 years  
Archaeological Science DPhil,https://www.ox.ac.uk/admissions/graduate/courses/dphil-archaeological-science,School of Archaeology,        Full time  ,        3-4 years  
Archaeological Science MSc,https://www.ox.ac.uk/admissions/graduate/courses/msc-archaeological-science,School of Archaeology,        Full time  ,        1 year  
Archaeology DPhil,https://www.ox.ac.uk/admissions/graduate/courses/dphil-archaeology,School of Archaeology,        Full time  ,        3-4 years  
Archaeology DPhil,https://www.ox.ac.uk/admissions/graduate/courses/dphil-archaeology-part-time,Department for Continuing Education,        Part time  ,        6-8 years  
Archaeology MSc,https://www.ox.ac.uk/admissions/graduate/courses/msc-archaeology,School of Archaeology,        Full time  ,        11 months  
Architectural History DPhil,https://www.ox.ac.uk/admissions/graduate/courses/dphil-architectural-history,Department for Continuing Education,        Part time  ,        5-8 years  
Architectural History PGCert,https://www.ox.ac.uk/admissions/graduate/courses/pgcert-architectural-history,Department for Continuing Education,        Part time  ,        11 months  
Area Studies DPhil,https://www.ox.ac.uk/admissions/graduate/courses/dphil-area-studies,Oxford School of Global and Area Studies,        Full time  ,        3-4 years  
Artificial Intelligence for Business PGDip,https://www.ox.ac.uk/admissions/graduate/courses/pgdip-artificial-intelligence-for-business,Saïd Business School,        Part time  ,        1 year  
Astrophysics DPhil,https://www.ox.ac.uk/admissions/graduate/courses/dphil-astrophysics,Department of Physics,        Full time  ,        3-4 years  
"Atmospheric, Oceanic and Planetary Physics DPhil",https://www.ox.ac.uk/admissions/graduate/courses/dphil-atmospheric-oceanic-and-planetary-physics,Department of Physics,        Full time  ,        3-4 years  
Atomic and Laser Physics DPhil,https://www.ox.ac.uk/admissions/graduate/courses/dphil-atomic-and-laser-physics,Department of Physics,        Full time  ,        3-4 years  
Autonomous Intelligent Machines and Systems EPSRC CDT,https://www.ox.ac.uk/admissions/graduate/courses/autonomous-intelligent-machines-and-systems,"Department of Computer Science, Department of Engineering Science",        Full time  ,        4 years  
Bachelor of Civil Law BCL,https://www.ox.ac.uk/admissions/graduate/courses/bachelor-civil-law,Faculty of Law,        Full time  ,        10 months  
Biochemistry DPhil,https://www.ox.ac.uk/admissions/graduate/courses/dphil-biochemistry,Department of Biochemistry,        Full time  ,        3-4 years  
Biochemistry MSc by Research,https://www.ox.ac.uk/admissions/graduate/courses/msc-research-biochemistry,Department of Biochemistry,        Full time  ,        1-3 years  
Biochemistry (Skaggs-Oxford Programme) DPhil,https://www.ox.ac.uk/admissions/graduate/courses/dphil-biochemistry-outsri,Department of Biochemistry,        Full time  ,        5 years  
"Biodiversity, Conservation and Management MPhil",https://www.ox.ac.uk/admissions/graduate/courses/mphil-biodiversity-conservation-and-management,School of Geography and the Environment,        Full time  ,        2 years  
"Biodiversity, Conservation and Management MSc",https://www.ox.ac.uk/admissions/graduate/courses/msc-biodiversity-conservation-and-management,School of Geography and the Environment,        Full time  ,        1 year  
Biomedical Sciences (NIH OxCam) DPhil,https://www.ox.ac.uk/admissions/graduate/courses/dphil-biomedical-sciences-nih-ou,Medical Sciences Doctoral Training Centre,        Full time  ,        3-4 years  
Buddhist Studies MPhil,https://www.ox.ac.uk/admissions/graduate/courses/mphil-buddhist-studies,Faculty of Oriental Studies,        Full time  ,        21 months  
Cancer Science DPhil,https://www.ox.ac.uk/admissions/graduate/courses/dphil-cancer-science,Medical Sciences Doctoral Training Centre,        Full time  ,        3-4 years  
Cardiovascular Science DPhil,https://www.ox.ac.uk/admissions/graduate/courses/dphil-cardiovascular-science,Medical Sciences Doctoral Training Centre,        Full time  ,        4 years  
Cellular Structural Biology DPhil,https://www.ox.ac.uk/admissions/graduate/courses/dphil-cellular-structural-biology,Medical Sciences Doctoral Training Centre,        Full time  ,        4 years  
Chemical Biology DPhil,https://www.ox.ac.uk/admissions/graduate/courses/dphil-chemical-biology,Department of Chemistry,        Full time  ,        3-4 years  
Chemical Biology MSc by Research,https://www.ox.ac.uk/admissions/graduate/courses/msc-research-chemical-biology,Department of Chemistry,        Full time  ,        2-3 years  
Chemistry in Cells: New Technologies to Probe Complex Biology and Medicine DPhil,https://www.ox.ac.uk/admissions/graduate/courses/dphil-chemistry-cells,"Department of Chemistry, Medical Sciences Doctoral Training Centre",        Full time  ,        4 years  
Classical Archaeology DPhil,https://www.ox.ac.uk/admissions/graduate/courses/dphil-classical-archaeology,School of Archaeology,        Full time  ,        3-4 years  
Classical Archaeology MPhil,https://www.ox.ac.uk/admissions/graduate/courses/mphil-classical-archaeology,School of Archaeology,        Full time  ,        21 months  
Classical Archaeology MSt,https://www.ox.ac.uk/admissions/graduate/courses/mst-classical-archaeology,School of Archaeology,        Full time  ,        9 months  
Classical Armenian Studies MSt,https://www.ox.ac.uk/admissions/graduate/courses/mst-classical-armenian-studies,Faculty of Oriental Studies,        Full time  ,        9 months  
Classical Hebrew Studies MSt,https://www.ox.ac.uk/admissions/graduate/courses/mst-classical-hebrew-studies,Faculty of Oriental Studies,        Full time  ,        9 months  
Classical Indian Religion MPhil,https://www.ox.ac.uk/admissions/graduate/courses/mphil-classical-indian-religion,Faculty of Oriental Studies,        Full time  ,        21 months  
Classical Languages and Literature DPhil,https://www.ox.ac.uk/admissions/graduate/courses/dphil-classical-languages-and-literature,Faculty of Classics,        Full time  ,        3-4 years  
Classical Languages and Literature DPhil,https://www.ox.ac.uk/admissions/graduate/courses/dphil-classical-languages-and-literature-pt,Faculty of Classics,        Part time  ,        6-8 years  
Clinical and Therapeutic Neuroscience MSc,https://www.ox.ac.uk/admissions/graduate/courses/msc-clinical-therapeutic-neuroscience,Department of Psychiatry,        Full time  ,        1 year  
Clinical Embryology MSc,https://www.ox.ac.uk/admissions/graduate/courses/msc-clinical-embryology,Nuffield Department of Women's & Reproductive Health,        Full time  ,        1 year  
Clinical Medicine DPhil,https://www.ox.ac.uk/admissions/graduate/courses/dphil-clinical-medicine,Nuffield Department of Clinical Medicine,        Full time  ,        3-4 years  
Clinical Medicine DPhil,https://www.ox.ac.uk/admissions/graduate/courses/dphil-clinical-medicine-pt,Nuffield Department of Clinical Medicine,        Part time  ,        6-8 years  
Clinical Neurosciences DPhil,https://www.ox.ac.uk/admissions/graduate/courses/dphil-clinical-neurosciences,Nuffield Department of Clinical Neurosciences,        Full time  ,        3-4 years  
Clinical Neurosciences DPhil,https://www.ox.ac.uk/admissions/graduate/courses/dphil-clinical-neurosciences-pt,Nuffield Department of Clinical Neurosciences,        Part time  ,        6-8 years  
Clinical Neurosciences MSc by Research,https://www.ox.ac.uk/admissions/graduate/courses/msc-research-clinical-neurosciences,Nuffield Department of Clinical Neurosciences,        Full time  ,        1-3 years  
Clinical Neurosciences MSc by Research,https://www.ox.ac.uk/admissions/graduate/courses/msc-research-clinical-neurosciences-pt,Nuffield Department of Clinical Neurosciences,        Part time  ,        2-6 years  
Clinical Psychology DClinPsych,https://www.ox.ac.uk/admissions/graduate/courses/dclinpsych-clinical-psychology,Oxford Institute of Clinical Psychology Training,        Full time  ,        3 years  
Clinical Trials MSc,https://www.ox.ac.uk/admissions/graduate/courses/msc-clinical-trials,Nuffield Department of Population Health,        Part time  ,        2 years  
Cognitive and Evolutionary Anthropology MSc,https://www.ox.ac.uk/admissions/graduate/courses/msc-cognitive-and-evolutionary-anthropology,School of Anthropology and Museum Ethnography,        Full time  ,        1 year  
Cognitive Behavioural Studies PGCert,https://www.ox.ac.uk/admissions/graduate/courses/pgcert-cognitive-behavioural-studies,Department for Continuing Education,        Part time  ,        2 years  
Cognitive Behavioural Therapy DPhil,https://www.ox.ac.uk/admissions/graduate/courses/dphil-cognitive-behavioural-therapy,Department for Continuing Education,        Part time  ,        6-8 years  
Cognitive Behavioural Therapy MSc,https://www.ox.ac.uk/admissions/graduate/courses/msc-cognitive-behavioural-therapy,Department for Continuing Education,        Part time  ,"        Up to 2 years, dependent on specialism  "
Cognitive Behavioural Therapy PGDip,https://www.ox.ac.uk/admissions/graduate/courses/pgdip-cognitive-behavioural-therapy,Department for Continuing Education,        Part time  ,        Up to 1 year  
Cognitive Behavioural Therapy PGCert,https://www.ox.ac.uk/admissions/graduate/courses/pgcert-cognitive-behavioural-therapy,Department for Continuing Education,        Part time  ,        9 months  
Comparative Literature and Critical Translation MSt,https://www.ox.ac.uk/admissions/graduate/courses/mst-comparative-literature-critical-translation,"Oxford Comparative Criticism and Translation, Humanities Interdisciplinary Courses",        Full time  ,        9 months  
Comparative Social Policy MPhil,https://www.ox.ac.uk/admissions/graduate/courses/mphil-comparative-social-policy,Department of Social Policy and Intervention,        Full time  ,        21 months  
Comparative Social Policy MSc,https://www.ox.ac.uk/admissions/graduate/courses/msc-comparative-social-policy,Department of Social Policy and Intervention,        Full time  ,        1 year  
Computational Discovery DPhil,https://www.ox.ac.uk/admissions/graduate/courses/dphil-computational-discovery,Medical Sciences Doctoral Training Centre,        Full time  ,        3-4 years  
Computer Science DPhil,https://www.ox.ac.uk/admissions/graduate/courses/dphil-computer-science,Department of Computer Science,        Full time  ,        3-4 years  
Condensed Matter Physics DPhil,https://www.ox.ac.uk/admissions/graduate/courses/dphil-condensed-matter-physics,Department of Physics,        Full time  ,        3-4 years  
Contemporary Chinese Studies MSc,https://www.ox.ac.uk/admissions/graduate/courses/msc-contemporary-chinese-studies,"Oxford School of Global and Area Studies, Faculty of Oriental Studies",        Full time  ,        1 year  
Continuing Education DPhil,https://www.ox.ac.uk/admissions/graduate/courses/dphil-continuing-education,Department for Continuing Education,        Part time  ,        4-8 years  
Creative Writing MSt,https://www.ox.ac.uk/admissions/graduate/courses/mst-creative-writing,Department for Continuing Education,        Part time  ,        2 years  
Criminology DPhil,https://www.ox.ac.uk/admissions/graduate/courses/dphil-criminology,"Centre for Criminology, Faculty of Law",        Full time  ,        3-4 years  
Criminology DPhil,https://www.ox.ac.uk/admissions/graduate/courses/dphil-criminology-pt,"Centre for Criminology, Faculty of Law",        Part time  ,        6-8 years  
Criminology and Criminal Justice MSc,https://www.ox.ac.uk/admissions/graduate/courses/msc-criminology-and-criminal-justice,"Centre for Criminology, Faculty of Law",        Full time  ,        9 months  
Criminology and Criminal Justice MSc,https://www.ox.ac.uk/admissions/graduate/courses/msc-criminology-and-criminal-justice-pt,"Centre for Criminology, Faculty of Law",        Part time  ,        21 months  
Cuneiform Studies MPhil,https://www.ox.ac.uk/admissions/graduate/courses/mphil-cuneiform-studies,Faculty of Oriental Studies,        Full time  ,        21 months  
Development Studies MPhil,https://www.ox.ac.uk/admissions/graduate/courses/mphil-development-studies,Department of International Development,        Full time  ,        21 months  
Diplomatic Studies MSt,https://www.ox.ac.uk/admissions/graduate/courses/mst-diplomatic-studies,Department for Continuing Education,        Full time  ,        1 year  
Diplomatic Studies PGDip,https://www.ox.ac.uk/admissions/graduate/courses/pgdip-diplomatic-studies,Department for Continuing Education,        Full time  ,        9 months  
Earth Sciences DPhil,https://www.ox.ac.uk/admissions/graduate/courses/dphil-earth-sciences,Department of Earth Sciences,        Full time  ,        3-4 years  
Eastern Christian Studies MPhil,https://www.ox.ac.uk/admissions/graduate/courses/mphil-eastern-christian-studies,Faculty of Oriental Studies,        Full time  ,        21 months  
Ecological Survey Techniques PGCert,https://www.ox.ac.uk/admissions/graduate/courses/pgcert-ecological-survey-techniques,Department for Continuing Education,        Part time  ,        1 year  
Economic and Social History MPhil,https://www.ox.ac.uk/admissions/graduate/courses/mphil-economic-and-social-history,"Department of Economics, Faculty of History",        Full time  ,        21 months  
Economic and Social History MSc,https://www.ox.ac.uk/admissions/graduate/courses/msc-economic-and-social-history,"Department of Economics, Faculty of History",        Full time  ,        11 months  
Economics combined MPhil and DPhil,https://www.ox.ac.uk/admissions/graduate/courses/mphil-dphil-economics,Department of Economics,        Full time  ,        5 years  
Economics DPhil,https://www.ox.ac.uk/admissions/graduate/courses/dphil-economics,Department of Economics,        Full time  ,        3-4 years  
Economics DPhil,https://www.ox.ac.uk/admissions/graduate/courses/dphil-economics-pt,Department of Economics,        Part time  ,        6-8 years  
Economics MPhil,https://www.ox.ac.uk/admissions/graduate/courses/mphil-economics,Department of Economics,        Full time  ,        21 months  
Economics for Development MSc,https://www.ox.ac.uk/admissions/graduate/courses/msc-economics-development,"Department of Economics, Department of International Development",        Full time  ,        9 months  
Education DPhil,https://www.ox.ac.uk/admissions/graduate/courses/dphil-education,Department of Education,        Full time  ,        3-4 years  
Education DPhil,https://www.ox.ac.uk/admissions/graduate/courses/dphil-education-pt,Department of Education,        Part time  ,        6-8 years  
Education (Child Development and Education) MSc,https://www.ox.ac.uk/admissions/graduate/courses/msc-education-child-development-and-education,Department of Education,        Full time  ,        1 year  
Education (Comparative and International Education) MSc,https://www.ox.ac.uk/admissions/graduate/courses/msc-education-comparative-and-international-education,Department of Education,        Full time  ,        1 year  
Education (Digital and Social Change) MSc,https://www.ox.ac.uk/admissions/graduate/courses/msc-education-digital-and-social-change,Department of Education,        Full time  ,        1 year  
Education (Higher Education) MSc,https://www.ox.ac.uk/admissions/graduate/courses/msc-education-higher-education,Department of Education,        Full time  ,        1 year  
Education (Research Design and Methodology) MSc,https://www.ox.ac.uk/admissions/graduate/courses/msc-education-research-design-and-methodology,Department of Education,        Full time  ,        1 year  
Education (Research Design and Methodology) MSc,https://www.ox.ac.uk/admissions/graduate/courses/msc-education-research-design-and-methodology-pt,Department of Education,        Part time  ,        2 years  
Educational Assessment MSc,https://www.ox.ac.uk/admissions/graduate/courses/msc-educational-assessment,Department of Education,        Part time  ,        2 years  
Egyptology MPhil,https://www.ox.ac.uk/admissions/graduate/courses/mphil-egyptology,Faculty of Oriental Studies,        Full time  ,        21 months  
Energy Systems MSc,https://www.ox.ac.uk/admissions/graduate/courses/msc-energy-systems,Department of Engineering Science,        Full time  ,        1 year  
Energy Systems MSc,https://www.ox.ac.uk/admissions/graduate/courses/msc-energy-systems-pt2yr,Department of Engineering Science,        Part time  ,        2 years  
Energy Systems MSc,https://www.ox.ac.uk/admissions/graduate/courses/msc-energy-systems-pt3yr,Department of Engineering Science,        Part time  ,        3 years  
Engineering Science DPhil,https://www.ox.ac.uk/admissions/graduate/courses/dphil-engineering-science,Department of Engineering Science,        Full time  ,        3-4 years  
Engineering Science DPhil,https://www.ox.ac.uk/admissions/graduate/courses/dphil-engineering-science-pt,Department of Engineering Science,        Part time  ,        6-8 years  
Engineering Science MSc by Research,https://www.ox.ac.uk/admissions/graduate/courses/msc-research-engineering-science,Department of Engineering Science,        Full time  ,        2-3 years  
English DPhil,https://www.ox.ac.uk/admissions/graduate/courses/dphil-english,Faculty of English Language and Literature,        Full time  ,        3-4 years  
English DPhil,https://www.ox.ac.uk/admissions/graduate/courses/dphil-english-pt,Faculty of English Language and Literature,        Part time  ,        6-8 years  
English (1550-1700) MSt,https://www.ox.ac.uk/admissions/graduate/courses/mst-english-1550-1700,Faculty of English Language and Literature,        Full time  ,        9 months  
English (1700-1830) MSt,https://www.ox.ac.uk/admissions/graduate/courses/mst-english-1700-1830,Faculty of English Language and Literature,        Full time  ,        9 months  
English (1830-1914) MSt,https://www.ox.ac.uk/admissions/graduate/courses/mst-english-1830-1914,Faculty of English Language and Literature,        Full time  ,        9 months  
English (1900-Present) MSt,https://www.ox.ac.uk/admissions/graduate/courses/mst-english-1900-present,Faculty of English Language and Literature,        Full time  ,        9 months  
English (​650-1550) MSt,https://www.ox.ac.uk/admissions/graduate/courses/mst-english-650-1550,Faculty of English Language and Literature,        Full time  ,        9 months  
English and American Studies MSt,https://www.ox.ac.uk/admissions/graduate/courses/mst-english-and-american-studies,Faculty of English Language and Literature,        Full time  ,        9 months  
English Local History DPhil,https://www.ox.ac.uk/admissions/graduate/courses/dphil-english-local-history,Department for Continuing Education,        Part time  ,        4-6 years  
English Local History MSc,https://www.ox.ac.uk/admissions/graduate/courses/msc-english-local-history,Department for Continuing Education,        Part time  ,        2 years  
English Studies (Medieval Period) MPhil,https://www.ox.ac.uk/admissions/graduate/courses/mphil-english-studies-medieval-period,Faculty of English Language and Literature,        Full time  ,        21 months  
Enhanced Cognitive Behavioural Therapy PGCert,https://www.ox.ac.uk/admissions/graduate/courses/pgcert-enhanced-cognitive-behavioural-therapy,Department for Continuing Education,        Part time  ,        Up to 1 year  
Environmental Change and Management MPhil,https://www.ox.ac.uk/admissions/graduate/courses/mphil-environmental-change-and-management,School of Geography and the Environment,        Full time  ,        2 years  
Environmental Change and Management MSc,https://www.ox.ac.uk/admissions/graduate/courses/msc-environmental-change-and-management,School of Geography and the Environment,        Full time  ,        1 year  
Environmental Research NERC DTP,https://www.ox.ac.uk/admissions/graduate/courses/environmental-research,Environmental Research Doctoral Training Partnership,        Full time  ,        4 years  
Evidence Based Health Care (Medical Statistics) MSc,https://www.ox.ac.uk/admissions/graduate/courses/msc-evidence-based-health-care-medical-statistics,"Department for Continuing Education, Nuffield Department of Primary Care Health Sciences",        Part time  ,        2-4 years  
Evidence Based Health Care (Systematic Reviews) MSc,https://www.ox.ac.uk/admissions/graduate/courses/msc-evidence-based-health-care-systematic-reviews,"Department for Continuing Education, Nuffield Department of Primary Care Health Sciences",        Part time  ,        2-4 years  
Evidence-Based Health Care DPhil,https://www.ox.ac.uk/admissions/graduate/courses/dphil-evidence-based-health-care,"Department for Continuing Education, Nuffield Department of Primary Care Health Sciences",        Part time  ,        4-8 years  
Evidence-Based Health Care MSc,https://www.ox.ac.uk/admissions/graduate/courses/msc-evidence-based-health-care,"Department for Continuing Education, Nuffield Department of Primary Care Health Sciences",        Part time  ,        2-4 years  
Evidence-Based Social Intervention and Policy Evaluation MPhil,https://www.ox.ac.uk/admissions/graduate/courses/mphil-evidence-based-social-intervention-and-policy-evaluation,Department of Social Policy and Intervention,        Full time  ,        21 months  
Evidence-Based Social Intervention and Policy Evaluation MSc,https://www.ox.ac.uk/admissions/graduate/courses/msc-evidence-based-social-intervention-and-policy-evaluation,Department of Social Policy and Intervention,        Full time  ,        1 year  
Executive MBA EMBA,https://www.ox.ac.uk/admissions/graduate/courses/executive-mba,Saïd Business School,        Part time  ,        24 or 26 months  
Experimental and Translational Therapeutics MSc,https://www.ox.ac.uk/admissions/graduate/courses/msc-experimental-and-translational-therapeutics,"Department for Continuing Education, Department of Oncology",        Part time  ,        2-4 years  
Experimental Psychology DPhil,https://www.ox.ac.uk/admissions/graduate/courses/dphil-experimental-psychology,Department of Experimental Psychology,        Full time  ,        3-4 years  
Experimental Psychology DPhil,https://www.ox.ac.uk/admissions/graduate/courses/dphil-experimental-psychology-pt,Department of Experimental Psychology,        Part time  ,        6-8 years  
Experimental Psychology MSc by Research,https://www.ox.ac.uk/admissions/graduate/courses/msc-research-experimental-psychology,Department of Experimental Psychology,        Full time  ,        1-3 years  
Experimental Psychology MSc by Research,https://www.ox.ac.uk/admissions/graduate/courses/msc-research-experimental-psychology-pt,Department of Experimental Psychology,        Part time  ,        2-6 years  
Film Aesthetics MSt,https://www.ox.ac.uk/admissions/graduate/courses/mst-film-aesthetics,Humanities Interdisciplinary Courses,        Full time  ,        9 months  
Finance DPhil,https://www.ox.ac.uk/admissions/graduate/courses/dphil-finance,Saïd Business School,        Full time  ,        4 years  
Financial Economics MSc,https://www.ox.ac.uk/admissions/graduate/courses/msc-financial-economics,"Department of Economics, Saïd Business School",        Full time  ,        9 months  
Financial Strategy PGDip,https://www.ox.ac.uk/admissions/graduate/courses/pgdip-financial-strategy,Saïd Business School,        Part time  ,        1 year  
Fine Art DPhil,https://www.ox.ac.uk/admissions/graduate/courses/dphil-fine-art,Ruskin School of Art,        Full time  ,        3-4 years  
Fine Art DPhil,https://www.ox.ac.uk/admissions/graduate/courses/dphil-fine-art-pt,Ruskin School of Art,        Part time  ,        6-8 years  
Fine Art MFA,https://www.ox.ac.uk/admissions/graduate/courses/mfa-fine-art,Ruskin School of Art,        Full time  ,        9 months  
Future Propulsion and Power EPSRC CDT,https://www.ox.ac.uk/admissions/graduate/courses/future-propulsion-power,Department of Engineering Science,        Full time  ,        4 years  
Genomic Medicine and Statistics DPhil,https://www.ox.ac.uk/admissions/graduate/courses/dphil-genomic-medicine-and-statistics,Medical Sciences Doctoral Training Centre,        Full time  ,        4 years  
Geography and the Environment DPhil,https://www.ox.ac.uk/admissions/graduate/courses/dphil-geography-and-environment,School of Geography and the Environment,        Full time  ,        3-4 years  
Geography and the Environment DPhil,https://www.ox.ac.uk/admissions/graduate/courses/dphil-geography-and-environment-pt,School of Geography and the Environment,        Part time  ,        6-8 years  
Global and Area Studies MPhil,https://www.ox.ac.uk/admissions/graduate/courses/mphil-global-and-area-studies,Oxford School of Global and Area Studies,        Full time  ,        21 months  
Global and Imperial History MSt,https://www.ox.ac.uk/admissions/graduate/courses/mst-global-and-imperial-history,Faculty of History,        Full time  ,        9 months  
Global Business PGDip,https://www.ox.ac.uk/admissions/graduate/courses/pgdip-global-business,Saïd Business School,        Part time  ,        1 year  
Global Governance and Diplomacy MSc,https://www.ox.ac.uk/admissions/graduate/courses/msc-global-governance-and-diplomacy,Department of International Development,        Full time  ,        9 months  
Global Health Science and Epidemiology MSc,https://www.ox.ac.uk/admissions/graduate/courses/msc-global-health-science-and-epidemiology,Nuffield Department of Population Health,        Full time  ,        1 year  
Global Healthcare Leadership MSc,https://www.ox.ac.uk/admissions/graduate/courses/msc-global-healthcare-leadership,"Saïd Business School, Nuffield Department of Primary Care Health Sciences",        Part time  ,        2 years  
Greek and/or Latin Languages and Literature MPhil,https://www.ox.ac.uk/admissions/graduate/courses/mphil-greek-andor-latin-languages-and-literature,Faculty of Classics,        Full time  ,        21 months  
Greek and/or Latin Languages and Literature MSt,https://www.ox.ac.uk/admissions/graduate/courses/mst-greek-andor-latin-languages-and-literature,Faculty of Classics,        Full time  ,        9 months  
Greek and/or Roman History MPhil,https://www.ox.ac.uk/admissions/graduate/courses/mphil-greek-andor-roman-history,Faculty of Classics,        Full time  ,        21 months  
Greek and/or Roman History MSt,https://www.ox.ac.uk/admissions/graduate/courses/mst-greek-andor-roman-history,Faculty of Classics,        Full time  ,        9 months  
Health Data Science EPSRC CDT,https://www.ox.ac.uk/admissions/graduate/courses/health-data-science,Department of Computer Science,        Full time  ,        4 years  
Health Data Science (HDR UK/Turing Wellcome) DPhil,https://www.ox.ac.uk/admissions/graduate/courses/dphil-health-data-science,Medical Sciences Doctoral Training Centre,        Full time  ,        4 years  
Health Research PGDip,https://www.ox.ac.uk/admissions/graduate/courses/pgdip-health-research,"Department for Continuing Education, Nuffield Department of Primary Care Health Sciences",        Part time  ,        1-3 years  
Health Research PGCert,https://www.ox.ac.uk/admissions/graduate/courses/pgcert-health-research,"Department for Continuing Education, Nuffield Department of Primary Care Health Sciences",        Part time  ,        1-2 years  
Historical Studies MSt,https://www.ox.ac.uk/admissions/graduate/courses/mst-historical-studies,Department for Continuing Education,        Part time  ,        1 year  
Historical Studies PGCert,https://www.ox.ac.uk/admissions/graduate/courses/pgcert-historical-studies,Department for Continuing Education,        Part time  ,        9 months  
History DPhil,https://www.ox.ac.uk/admissions/graduate/courses/dphil-history,Faculty of History,        Full time  ,        3-4 years  
History DPhil,https://www.ox.ac.uk/admissions/graduate/courses/dphil-history-pt,Faculty of History,        Part time  ,        6-8 years  
History MPhil,https://www.ox.ac.uk/admissions/graduate/courses/mphil-history,Faculty of History,        Full time  ,        21 months  
History MSt,https://www.ox.ac.uk/admissions/graduate/courses/mst-history,Faculty of History,        Full time  ,        9 months  
History MSt,https://www.ox.ac.uk/admissions/graduate/courses/mst-history-pt,Faculty of History,        Part time  ,        21 months  
History (History of Science and Medicine & Economic and Social History) DPhil,https://www.ox.ac.uk/admissions/graduate/courses/dphil-history-history-science-and-medicine-economic-and-social-history,Faculty of History,        Full time  ,        3-4 years  
History (History of Science and Medicine & Economic and Social History) DPhil,https://www.ox.ac.uk/admissions/graduate/courses/dphil-history-history-science-and-medicine-economic-and-social-history-pt,Faculty of History,        Part time  ,        6-8 years  
History of Art DPhil,https://www.ox.ac.uk/admissions/graduate/courses/dphil-history-art,"Faculty of History, History of Art Department",        Full time  ,        3-4 years  
History of Art  DPhil,https://www.ox.ac.uk/admissions/graduate/courses/dphil-history-art-pt,"Faculty of History, History of Art Department",        Part time  ,        6-8 years  
History of Art and Visual Culture MSt,https://www.ox.ac.uk/admissions/graduate/courses/mst-history-art-and-visual-culture,"Faculty of History, History of Art Department",        Full time  ,        9 months  
History of Design MSt,https://www.ox.ac.uk/admissions/graduate/courses/mst-the-history-design,Department for Continuing Education,        Part time  ,        21 months  
"History of Science, Medicine and Technology MPhil",https://www.ox.ac.uk/admissions/graduate/courses/mphil-history-science-medicine-and-technology,Faculty of History,        Full time  ,        21 months  
"History of Science, Medicine and Technology MSc",https://www.ox.ac.uk/admissions/graduate/courses/msc-history-science-medicine-and-technology,Faculty of History,        Full time  ,        11 months  
Inflammatory and Musculoskeletal Disease DPhil,https://www.ox.ac.uk/admissions/graduate/courses/dphil-inflammatory-and-musculoskeletal-disease,"Medical Sciences Doctoral Training Centre, Nuffield Department of Orthopaedics, Rheumatology and Musculoskeletal Sciences",        Full time  ,        3-4 years  
"Information, Communication and the Social Sciences DPhil",https://www.ox.ac.uk/admissions/graduate/courses/dphil-information-communication-and-social-sciences,Oxford Internet Institute,        Full time  ,        3-4 years  
"Information, Communication and the Social Sciences DPhil",https://www.ox.ac.uk/admissions/graduate/courses/dphil-information-communication-and-social-sciences-pt,Oxford Internet Institute,        Part time  ,        6-8 years  
Inorganic Chemistry DPhil,https://www.ox.ac.uk/admissions/graduate/courses/dphil-inorganic-chemistry,Department of Chemistry,        Full time  ,        3-4 years  
Inorganic Chemistry MSc by Research,https://www.ox.ac.uk/admissions/graduate/courses/msc-research-inorganic-chemistry,Department of Chemistry,        Full time  ,        2-3 years  
Inorganic Chemistry for Future Manufacturing ESPRC CDT,https://www.ox.ac.uk/admissions/graduate/courses/inorganic-chemistry-future-manufacturing,Department of Chemistry,        Full time  ,        4 years  
Integrated Immunology MSc,https://www.ox.ac.uk/admissions/graduate/courses/msc-integrated-immunology,Nuffield Department of Surgical Sciences,        Full time  ,        1 year  
Intellectual Property Law and Practice PGDip,https://www.ox.ac.uk/admissions/graduate/courses/pgdip-intellectual-property-law-and-practice,Faculty of Law,        Part time  ,        10 months  
Interdisciplinary Bioscience BBSRC DTP,https://www.ox.ac.uk/admissions/graduate/courses/interdisciplinary-bioscience,MPLS Doctoral Training Centre,        Full time  ,        4 years  
Interdisciplinary Medical Research (MRC Doctoral Training Partnership) DPhil,https://www.ox.ac.uk/admissions/graduate/courses/interdisciplinary-medical-research,,        Full time  ,        3-4 years  
International Development DPhil,https://www.ox.ac.uk/admissions/graduate/courses/dphil-international-development,Department of International Development,        Full time  ,        3-4 years  
International Development DPhil,https://www.ox.ac.uk/admissions/graduate/courses/dphil-international-development-pt,Department of International Development,        Part time  ,        6-8 years  
International Health and Tropical Medicine MSc,https://www.ox.ac.uk/admissions/graduate/courses/msc-international-health-and-tropical-medicine,Nuffield Department of Clinical Medicine,        Full time  ,        1 year  
International Human Rights Law MSt,https://www.ox.ac.uk/admissions/graduate/courses/mst-international-human-rights-law,Faculty of Law,        Part time  ,        22 months  
International Relations DPhil,https://www.ox.ac.uk/admissions/graduate/courses/dphil-international-relations,Department of Politics and International Relations,        Full time  ,        3-4 years  
International Relations DPhil,https://www.ox.ac.uk/admissions/graduate/courses/dphil-international-relations-pt,Department of Politics and International Relations,        Part time  ,        6-8 years  
International Relations MPhil,https://www.ox.ac.uk/admissions/graduate/courses/mphil-international-relations,Department of Politics and International Relations,        Full time  ,        21 months  
International Wildlife Conservation Practice PGDip,https://www.ox.ac.uk/admissions/graduate/courses/pgdip-international-wildlife-conservation-practice,"Department for Continuing Education, Department of Zoology",        Full time  ,        8 months  
Ion Channels and Membrane Transport in Health and Disease (OXION) DPhil,https://www.ox.ac.uk/admissions/graduate/courses/dphil-ion-channels-and-membrane-transport,Medical Sciences Doctoral Training Centre,        Full time  ,        4 years  
Islamic Art and Architecture MPhil,https://www.ox.ac.uk/admissions/graduate/courses/mphil-islamic-art-and-architecture,Faculty of Oriental Studies,        Full time  ,        21 months  
Islamic Art and Architecture MSt,https://www.ox.ac.uk/admissions/graduate/courses/mst-islamic-art-and-architecture,Faculty of Oriental Studies,        Full time  ,        9 months  
Islamic Studies and History MPhil,https://www.ox.ac.uk/admissions/graduate/courses/mphil-islamic-studies-and-history,Faculty of Oriental Studies,        Full time  ,        21 months  
Islamic Studies and History MSt,https://www.ox.ac.uk/admissions/graduate/courses/mst-islamic-studies-and-history,Faculty of Oriental Studies,        Full time  ,        9 months  
Japanese Studies MPhil,https://www.ox.ac.uk/admissions/graduate/courses/mphil-japanese-studies,"Oxford School of Global and Area Studies, Faculty of Oriental Studies",        Full time  ,        21 months  
Japanese Studies MSc,https://www.ox.ac.uk/admissions/graduate/courses/msc-japanese-studies,"Oxford School of Global and Area Studies, Faculty of Oriental Studies",        Full time  ,        1 year  
Jewish Studies MPhil,https://www.ox.ac.uk/admissions/graduate/courses/mphil-jewish-studies,Faculty of Oriental Studies,        Full time  ,        21 months  
Jewish Studies MSt,https://www.ox.ac.uk/admissions/graduate/courses/mst-jewish-studies,Faculty of Oriental Studies,        Full time  ,        9 months  
Jewish Studies in the Graeco-Roman Period MPhil,https://www.ox.ac.uk/admissions/graduate/courses/mphil-jewish-studies-graeco-roman-period,Faculty of Oriental Studies,        Full time  ,        21 months  
Jewish Studies in the Graeco-Roman Period MSt,https://www.ox.ac.uk/admissions/graduate/courses/mst-jewish-studies-graeco-roman-period,Faculty of Oriental Studies,        Full time  ,        9 months  
Judaism and Christianity in the Graeco-Roman World MPhil,https://www.ox.ac.uk/admissions/graduate/courses/mphil-judaism-and-christianity-graeco-roman-world,Faculty of Theology and Religion,        Full time  ,        21 months  
Korean Studies MSt,https://www.ox.ac.uk/admissions/graduate/courses/mst-korean-studies,Faculty of Oriental Studies,        Full time  ,        9 months  
Late Antique and Byzantine Studies MPhil,https://www.ox.ac.uk/admissions/graduate/courses/mphil-late-antique-and-byzantine-studies,"Faculty of History, Humanities Interdisciplinary Courses",        Full time  ,        21 months  
Late Antique and Byzantine Studies MSt,https://www.ox.ac.uk/admissions/graduate/courses/mst-late-antique-and-byzantine-studies,"Faculty of History, Humanities Interdisciplinary Courses",        Full time  ,        9 months  
Latin American Studies MPhil,https://www.ox.ac.uk/admissions/graduate/courses/mphil-latin-american-studies,Oxford School of Global and Area Studies,        Full time  ,        21 months  
Latin American Studies MSc,https://www.ox.ac.uk/admissions/graduate/courses/msc-latin-american-studies,Oxford School of Global and Area Studies,        Full time  ,        9 months  
Law DPhil,https://www.ox.ac.uk/admissions/graduate/courses/dphil-law,Faculty of Law,        Full time  ,        3-4 years  
Law DPhil,https://www.ox.ac.uk/admissions/graduate/courses/dphil-law-pt,Faculty of Law,        Part time  ,        6-8 years  
Law MPhil,https://www.ox.ac.uk/admissions/graduate/courses/mphil-law,Faculty of Law,        Full time  ,        1 year  
Law and Finance MSc,https://www.ox.ac.uk/admissions/graduate/courses/msc-law-and-finance,"Faculty of Law, Saïd Business School",        Full time  ,        10 months  
Learning and Teaching MSc,https://www.ox.ac.uk/admissions/graduate/courses/msc-learning-and-teaching,Department of Education,        Part time  ,        2 years  
"Linguistics, Philology and Phonetics DPhil",https://www.ox.ac.uk/admissions/graduate/courses/dphil-linguistics-philology-phonetics,"Faculty of Linguistics, Philology & Phonetics",        Full time  ,        3-4 years  
"Linguistics, Philology and Phonetics DPhil",https://www.ox.ac.uk/admissions/graduate/courses/dphil-linguistics-philology-phonetics-pt,"Faculty of Linguistics, Philology & Phonetics",        Part time  ,        6-8 years  
"Linguistics, Philology and Phonetics MPhil",https://www.ox.ac.uk/admissions/graduate/courses/mphil-linguistics-philology-phonetics,"Faculty of Linguistics, Philology & Phonetics",        Full time  ,        21 months  
"Linguistics, Philology and Phonetics MSt",https://www.ox.ac.uk/admissions/graduate/courses/mst-linguistics-philology-phonetics,"Faculty of Linguistics, Philology & Phonetics",        Full time  ,        9 months  
Literature and Arts DPhil,https://www.ox.ac.uk/admissions/graduate/courses/dphil-literature-and-arts,Department for Continuing Education,        Part time  ,        4-8 years  
Literature and Arts MSt,https://www.ox.ac.uk/admissions/graduate/courses/mst-literature-and-arts,Department for Continuing Education,        Part time  ,        2 years  
Magister Juris MJur,https://www.ox.ac.uk/admissions/graduate/courses/magister-juris,Faculty of Law,        Full time  ,        10 months  
Major Programme Management MSc,https://www.ox.ac.uk/admissions/graduate/courses/msc-major-programme-management,Saïd Business School,        Part time  ,        2 years  
Management DPhil,https://www.ox.ac.uk/admissions/graduate/courses/dphil-management,Saïd Business School,        Full time  ,        4 years  
Master of Business Administration MBA,https://www.ox.ac.uk/admissions/graduate/courses/mba,Saïd Business School,        Full time  ,        1 year  
Master of Business Administration Oxford 1+1 MBA programme,https://www.ox.ac.uk/admissions/graduate/courses/oxford-1plus1-mba,Saïd Business School,        Full time  ,        2 years  
Materials DPhil,https://www.ox.ac.uk/admissions/graduate/courses/dphil-materials,Department of Materials,        Full time  ,        3-4 years  
Materials MSc by Research,https://www.ox.ac.uk/admissions/graduate/courses/msc-research-materials,Department of Materials,        Full time  ,        2-3 years  
Mathematical and Computational Finance MSc,https://www.ox.ac.uk/admissions/graduate/courses/msc-mathematical-and-computational-finance,Mathematical Institute,        Full time  ,        10 months  
Mathematical and Theoretical Physics MSc,https://www.ox.ac.uk/admissions/graduate/courses/msc-mathematical-and-theoretical-physics,"Mathematical Institute, Department of Physics",        Full time  ,        9 months  
Mathematical Modelling and Scientific Computing MSc,https://www.ox.ac.uk/admissions/graduate/courses/msc-mathematical-modelling-and-scientific-computing,Mathematical Institute,        Full time  ,        1 year  
Mathematical Sciences MSc,https://www.ox.ac.uk/admissions/graduate/courses/msc-mathematical-sciences,"Mathematical Institute, Department of Statistics",        Full time  ,        9 months  
Mathematics DPhil,https://www.ox.ac.uk/admissions/graduate/courses/dphil-mathematics,Mathematical Institute,        Full time  ,        3-4 years  
Mathematics MSc by Research,https://www.ox.ac.uk/admissions/graduate/courses/msc-research-mathematics,Mathematical Institute,        Full time  ,        2-3 years  
Mathematics and Foundations of Computer Science MSc,https://www.ox.ac.uk/admissions/graduate/courses/msc-mathematics-and-foundations-computer-science,Mathematical Institute,        Full time  ,        1 year  
"Mathematics of Random Systems: Analysis, Modelling and Algorithms EPSRC CDT",https://www.ox.ac.uk/admissions/graduate/courses/mathematics-random-systems,Mathematical Institute,        Full time  ,        4 years  
Medical Anthropology MPhil,https://www.ox.ac.uk/admissions/graduate/courses/mphil-medical-anthropology,School of Anthropology and Museum Ethnography,        Full time  ,        21 months  
Medical Anthropology MSc,https://www.ox.ac.uk/admissions/graduate/courses/msc-medical-anthropology,School of Anthropology and Museum Ethnography,        Full time  ,        1 year  
Medical Education MSc ,https://www.ox.ac.uk/admissions/graduate/courses/msc-medical-education,"Department of Education, Medical School",        Part time  ,        2 years  
Medical Sciences DPhil,https://www.ox.ac.uk/admissions/graduate/courses/dphil-medical-sciences,Radcliffe Department of Medicine,        Full time  ,        3-4 years  
Medical Sciences DPhil,https://www.ox.ac.uk/admissions/graduate/courses/dphil-medical-sciences-pt,Radcliffe Department of Medicine,        Part time  ,        6-8 years  
Medicine BM BCh (Graduate entry),https://www.ox.ac.uk/admissions/graduate/courses/medicine,Medical School,        Full time  ,        4 years  
Medieval and Modern Languages DPhil,https://www.ox.ac.uk/admissions/graduate/courses/dphil-medieval-and-modern-languages,Faculty of Medieval and Modern Languages,        Full time  ,        3-4 years  
Medieval and Modern Languages DPhil,https://www.ox.ac.uk/admissions/graduate/courses/dphil-medieval-and-modern-languages-pt,Faculty of Medieval and Modern Languages,        Part time  ,        6-8 years  
Medieval Studies MSt,https://www.ox.ac.uk/admissions/graduate/courses/mst-medieval-studies,Humanities Interdisciplinary Courses,        Full time  ,        9 months  
Migration Studies DPhil,https://www.ox.ac.uk/admissions/graduate/courses/dphil-migration-studies,"School of Anthropology and Museum Ethnography, Department of International Development",        Full time  ,        3-4 years  
Migration Studies DPhil,https://www.ox.ac.uk/admissions/graduate/courses/dphil-migration-studies-pt,"School of Anthropology and Museum Ethnography, Department of International Development",        Part time  ,        6-8 years  
Migration Studies MSc,https://www.ox.ac.uk/admissions/graduate/courses/msc-migration-studies,"School of Anthropology and Museum Ethnography, Department of International Development",        Full time  ,        9 months  
Mindfulness Based Cognitive Therapy MSt,https://www.ox.ac.uk/admissions/graduate/courses/mst-mindfulness-based-cognitive-therapy,"Department for Continuing Education, Department of Psychiatry",        Part time  ,        2 years  
Modelling for Global Health MSc ,https://www.ox.ac.uk/admissions/graduate/courses/msc-modelling-for-global-health,Nuffield Department of Clinical Medicine,        Full time  ,        1 year  
Modern Chinese Studies MPhil,https://www.ox.ac.uk/admissions/graduate/courses/mphil-modern-chinese-studies,"Oxford School of Global and Area Studies, Faculty of Oriental Studies",        Full time  ,        21 months  
Modern Languages MPhil,https://www.ox.ac.uk/admissions/graduate/courses/mphil-modern-languages,Faculty of Medieval and Modern Languages,        Full time  ,        21 months  
Modern Languages MSt,https://www.ox.ac.uk/admissions/graduate/courses/mst-modern-languages,Faculty of Medieval and Modern Languages,        Full time  ,        9 months  
Modern Middle Eastern Studies MPhil,https://www.ox.ac.uk/admissions/graduate/courses/mphil-modern-middle-eastern-studies,Faculty of Oriental Studies,        Full time  ,        21 months  
Modern Middle Eastern Studies MSc,https://www.ox.ac.uk/admissions/graduate/courses/msc-modern-middle-eastern-studies,"Oxford School of Global and Area Studies, Faculty of Oriental Studies",        Full time  ,        1 year  
Modern South Asian Studies MPhil,https://www.ox.ac.uk/admissions/graduate/courses/mphil-modern-south-asian-studies,"Oxford School of Global and Area Studies, Faculty of Oriental Studies",        Full time  ,        21 months  
Modern South Asian Studies MSc,https://www.ox.ac.uk/admissions/graduate/courses/msc-modern-south-asian-studies,"Oxford School of Global and Area Studies, Faculty of Oriental Studies",        Full time  ,        1 year  
Modern Statistics and Statistical Machine Learning EPSRC CDT,https://www.ox.ac.uk/admissions/graduate/courses/modern-statistics-statistical-machine-learning,Department of Statistics,        Full time  ,        4 years  
Modern Statistics and Statistical Machine Learning  EPSRC CDT,https://www.ox.ac.uk/admissions/graduate/courses/modern-statistics-statistical-machine-learning-pt,Department of Statistics,        Part time  ,        8 years  
Molecular and Cellular Medicine DPhil,https://www.ox.ac.uk/admissions/graduate/courses/dphil-molecular-and-cellular-medicine,"Nuffield Department of Orthopaedics, Rheumatology and Musculoskeletal Sciences",        Full time  ,        3-4 years  
Molecular and Cellular Medicine DPhil,https://www.ox.ac.uk/admissions/graduate/courses/dphil-molecular-and-cellular-medicine-pt,"Nuffield Department of Orthopaedics, Rheumatology and Musculoskeletal Sciences",        Part time  ,        6-8 years  
Molecular and Cellular Medicine MSc by Research,https://www.ox.ac.uk/admissions/graduate/courses/msc-research-molecular-and-cellular-medicine,"Nuffield Department of Orthopaedics, Rheumatology and Musculoskeletal Sciences",        Full time  ,        1-3 years  
Molecular and Cellular Medicine MSc by Research,https://www.ox.ac.uk/admissions/graduate/courses/msc-research-molecular-and-cellular-medicine-pt,"Nuffield Department of Orthopaedics, Rheumatology and Musculoskeletal Sciences",        Part time  ,        2-6 years  
Molecular Cell Biology in Health and Disease DPhil,https://www.ox.ac.uk/admissions/graduate/courses/dphil-molecular-cell-biology-in-health-and-disease,Sir William Dunn School of Pathology,        Full time  ,        3-4 years  
Musculoskeletal Sciences DPhil,https://www.ox.ac.uk/admissions/graduate/courses/dphil-musculoskeletal-sciences,"Nuffield Department of Orthopaedics, Rheumatology and Musculoskeletal Sciences",        Full time  ,        3-4 years  
Musculoskeletal Sciences DPhil,https://www.ox.ac.uk/admissions/graduate/courses/dphil-musculoskeletal-sciences-pt,"Nuffield Department of Orthopaedics, Rheumatology and Musculoskeletal Sciences",        Part time  ,        6-8 years  
Musculoskeletal Sciences MSc,https://www.ox.ac.uk/admissions/graduate/courses/msc-musculoskeletal-sciences,"Nuffield Department of Orthopaedics, Rheumatology and Musculoskeletal Sciences",        Part time  ,        2 years  
Musculoskeletal Sciences MSc by Research,https://www.ox.ac.uk/admissions/graduate/courses/msc-research-musculoskeletal-sciences,"Nuffield Department of Orthopaedics, Rheumatology and Musculoskeletal Sciences",        Full time  ,        1-3 years  
Musculoskeletal Sciences MSc by Research,https://www.ox.ac.uk/admissions/graduate/courses/msc-research-musculoskeletal-sciences-pt,"Nuffield Department of Orthopaedics, Rheumatology and Musculoskeletal Sciences",        Part time  ,        2-6 years  
Music DPhil,https://www.ox.ac.uk/admissions/graduate/courses/dphil-music,Faculty of Music,        Full time  ,        3-4 years  
Music DPhil,https://www.ox.ac.uk/admissions/graduate/courses/dphil-music-pt,Faculty of Music,        Part time  ,        7-8 years  
Music (Composition) MPhil,https://www.ox.ac.uk/admissions/graduate/courses/mphil-music-composition,Faculty of Music,        Full time  ,        21 months  
Music (Composition) MSt,https://www.ox.ac.uk/admissions/graduate/courses/mst-music-composition,Faculty of Music,        Full time  ,        9 months  
Music (Musicology) MPhil,https://www.ox.ac.uk/admissions/graduate/courses/mphil-music-musicology,Faculty of Music,        Full time  ,        21 months  
Music (Musicology) MSt,https://www.ox.ac.uk/admissions/graduate/courses/mst-music-musicology,Faculty of Music,        Full time  ,        9 months  
Music (Performance) MPhil,https://www.ox.ac.uk/admissions/graduate/courses/mphil-music-performance,Faculty of Music,        Full time  ,        21 months  
Music (Performance) MSt,https://www.ox.ac.uk/admissions/graduate/courses/mst-music-performance,Faculty of Music,        Full time  ,        9 months  
Nanotechnology PGCert,https://www.ox.ac.uk/admissions/graduate/courses/pgcert-nanotechnology,Department for Continuing Education,        Part time  ,        10 months  
Nanotechnology for Medicine and Health Care MSc,https://www.ox.ac.uk/admissions/graduate/courses/msc-nanotechnology-for-medicine-and-health-care,"Department for Continuing Education, Department of Engineering Science",        Part time  ,        2-4 years  
"Nature, Society and Environmental Governance MPhil",https://www.ox.ac.uk/admissions/graduate/courses/mphil-nature-society-and-environmental-governance,School of Geography and the Environment,        Full time  ,        2 years  
"Nature, Society and Environmental Governance MSc",https://www.ox.ac.uk/admissions/graduate/courses/msc-nature-society-and-environmental-governance,School of Geography and the Environment,        Full time  ,        1 year  
Neuroscience combined MSc and DPhil,https://www.ox.ac.uk/admissions/graduate/courses/dphil-neuroscience,"Medical Sciences Doctoral Training Centre, Oxford Neuroscience",        Full time  ,        4 years  
Neuroscience MSc,https://www.ox.ac.uk/admissions/graduate/courses/msc-neuroscience,Oxford Neuroscience,        Full time  ,        1 year  
Oncology DPhil,https://www.ox.ac.uk/admissions/graduate/courses/dphil-oncology,Department of Oncology,        Full time  ,        3-4 years  
Oncology MSc by Research,https://www.ox.ac.uk/admissions/graduate/courses/msc-research-oncology,Department of Oncology,        Full time  ,        1-3 years  
Organic Chemistry DPhil,https://www.ox.ac.uk/admissions/graduate/courses/dphil-organic-chemistry,Department of Chemistry,        Full time  ,        3-4 years  
Organic Chemistry MSc by Research,https://www.ox.ac.uk/admissions/graduate/courses/msc-research-organic-chemistry,Department of Chemistry,        Full time  ,        2-3 years  
Organisational Leadership PGDip,https://www.ox.ac.uk/admissions/graduate/courses/pgdip-organisational-leadership,Saïd Business School,        Part time  ,        1 year  
Oriental Studies DPhil,https://www.ox.ac.uk/admissions/graduate/courses/dphil-oriental-studies,Faculty of Oriental Studies,        Full time  ,        3-4 years  
Oriental Studies MSt,https://www.ox.ac.uk/admissions/graduate/courses/mst-oriental-studies,Faculty of Oriental Studies,        Full time  ,        9 months  
Paediatric Infectious Diseases MSc,https://www.ox.ac.uk/admissions/graduate/courses/msc-paediatric-infectious-diseases,"Department for Continuing Education, Department of Paediatrics",        Part time  ,        1 year  
Paediatric Infectious Diseases PGDip,https://www.ox.ac.uk/admissions/graduate/courses/pgdip-paediatric-infectious-diseases,"Department for Continuing Education, Department of Paediatrics",        Part time  ,        2 years  
Paediatrics DPhil,https://www.ox.ac.uk/admissions/graduate/courses/dphil-paediatrics,Department of Paediatrics,        Full time  ,        3-4 years  
Paediatrics MSc by Research,https://www.ox.ac.uk/admissions/graduate/courses/msc-research-paediatrics,Department of Paediatrics,        Full time  ,        1-3 years  
Particle Physics DPhil,https://www.ox.ac.uk/admissions/graduate/courses/dphil-particle-physics,Department of Physics,        Full time  ,        3-4 years  
Patient Safety PGCert,https://www.ox.ac.uk/admissions/graduate/courses/pgcert-patient-safety,"Department for Continuing Education, Nuffield Department of Surgical Sciences",        Part time  ,        1-2 years  
PGCE PGCert,https://www.ox.ac.uk/admissions/graduate/courses/pgce,Department of Education,        Full time  ,        1 year  
Pharmacology DPhil,https://www.ox.ac.uk/admissions/graduate/courses/dphil-pharmacology,Department of Pharmacology,        Full time  ,        3-4 years  
Pharmacology MSc,https://www.ox.ac.uk/admissions/graduate/courses/msc-pharmacology,Department of Pharmacology,        Full time  ,        1 year  
Pharmacology MSc by Research,https://www.ox.ac.uk/admissions/graduate/courses/msc-research-pharmacology,Department of Pharmacology,        Full time  ,        1-3 years  
Philosophical Theology MPhil,https://www.ox.ac.uk/admissions/graduate/courses/mphil-philosophical-theology,Faculty of Theology and Religion,        Full time  ,        21 months  
Philosophical Theology MSt,https://www.ox.ac.uk/admissions/graduate/courses/mst-philosophical-theology,Faculty of Theology and Religion,        Full time  ,        9 months  
Philosophy DPhil,https://www.ox.ac.uk/admissions/graduate/courses/dphil-philosophy,Faculty of Philosophy,        Full time  ,        3-4 years  
Philosophy BPhil,https://www.ox.ac.uk/admissions/graduate/courses/bphil-philosophy,Faculty of Philosophy,        Full time  ,        21 months  
Philosophy of Physics MSt,https://www.ox.ac.uk/admissions/graduate/courses/mst-philosophy-physics,Faculty of Philosophy,        Full time  ,        9 months  
Physical and Theoretical Chemistry DPhil,https://www.ox.ac.uk/admissions/graduate/courses/dphil-physical-and-theoretical-chemistry,Department of Chemistry,        Full time  ,        3-4 years  
Physical and Theoretical Chemistry MSc by Research,https://www.ox.ac.uk/admissions/graduate/courses/msc-research-physical-and-theoretical-chemistry,Department of Chemistry,        Full time  ,        2-3 years  
"Physiology, Anatomy and Genetics DPhil",https://www.ox.ac.uk/admissions/graduate/courses/dphil-physiology-anatomy-and-genetics,"Department of Physiology, Anatomy & Genetics",        Full time  ,        3-4 years  
"Physiology, Anatomy and Genetics MSc by Research",https://www.ox.ac.uk/admissions/graduate/courses/msc-research-physiology-anatomy-and-genetics,"Department of Physiology, Anatomy & Genetics",        Full time  ,        1-3 years  
Political Theory Research MSc,https://www.ox.ac.uk/admissions/graduate/courses/msc-political-theory-research,Department of Politics and International Relations,        Full time  ,        1 year  
Politics DPhil,https://www.ox.ac.uk/admissions/graduate/courses/dphil-politics,Department of Politics and International Relations,        Full time  ,        3-4 years  
Politics DPhil,https://www.ox.ac.uk/admissions/graduate/courses/dphil-politics-pt,Department of Politics and International Relations,        Part time  ,        6-8 years  
Politics (Comparative Government) MPhil,https://www.ox.ac.uk/admissions/graduate/courses/mphil-politics-comparative-government,Department of Politics and International Relations,        Full time  ,        21 months  
Politics (European Politics and Society) MPhil,https://www.ox.ac.uk/admissions/graduate/courses/mphil-politics-european-politics-and-society,Department of Politics and International Relations,        Full time  ,        21 months  
Politics (Political Theory) MPhil,https://www.ox.ac.uk/admissions/graduate/courses/mphil-politics-political-theory,Department of Politics and International Relations,        Full time  ,        21 months  
Politics Research MSc,https://www.ox.ac.uk/admissions/graduate/courses/msc-politics-research,Department of Politics and International Relations,        Full time  ,        1 year  
Population Health DPhil,https://www.ox.ac.uk/admissions/graduate/courses/dphil-population-health,Nuffield Department of Population Health,        Full time  ,        3-4 years  
Population Health DPhil,https://www.ox.ac.uk/admissions/graduate/courses/dphil-population-health-pt,Nuffield Department of Population Health,        Part time  ,        6-8 years  
Practical Ethics MSt,https://www.ox.ac.uk/admissions/graduate/courses/mst-practical-ethics,"Department for Continuing Education, Faculty of Philosophy",        Part time  ,        2-3 years  
Precision Cancer Medicine MSc,https://www.ox.ac.uk/admissions/graduate/courses/msc-precision-cancer-medicine,Department of Oncology,        Part time  ,        2 years  
Primary Health Care DPhil,https://www.ox.ac.uk/admissions/graduate/courses/dphil-primary-health-care,Nuffield Department of Primary Care Health Sciences,        Full time  ,        3-4 years  
Primary Health Care DPhil,https://www.ox.ac.uk/admissions/graduate/courses/dphil-primary-health-care-pt,Nuffield Department of Primary Care Health Sciences,        Part time  ,        6-8 years  
Psychiatry DPhil,https://www.ox.ac.uk/admissions/graduate/courses/dphil-psychiatry,Department of Psychiatry,        Full time  ,        3-4 years  
Psychiatry DPhil,https://www.ox.ac.uk/admissions/graduate/courses/dphil-psychiatry-pt,Department of Psychiatry,        Part time  ,        6-8 years  
Psychiatry MSc by Research,https://www.ox.ac.uk/admissions/graduate/courses/msc-research-psychiatry,Department of Psychiatry,        Full time  ,        1-3 years  
Psychiatry MSc by Research,https://www.ox.ac.uk/admissions/graduate/courses/msc-research-psychiatry-pt,Department of Psychiatry,        Part time  ,        2-6 years  
Psychodynamic Counselling PGCert,https://www.ox.ac.uk/admissions/graduate/courses/pgcert-psychodynamic-counselling,Department for Continuing Education,        Part time  ,        9 months  
Psychodynamic Practice MSt,https://www.ox.ac.uk/admissions/graduate/courses/mst-psychodynamic-practice,Department for Continuing Education,        Part time  ,        1 year  
Psychodynamic Practice PGDip,https://www.ox.ac.uk/admissions/graduate/courses/pgdip-psychodynamic-practice,Department for Continuing Education,        Part time  ,        21 months  
Psychological Research MSc,https://www.ox.ac.uk/admissions/graduate/courses/msc-psychological-research,Department of Experimental Psychology,        Full time  ,        1 year  
Public Policy DPhil,https://www.ox.ac.uk/admissions/graduate/courses/dphil-public-policy,Blavatnik School of Government,        Full time  ,        3 years  
Public Policy DPhil,https://www.ox.ac.uk/admissions/graduate/courses/dphil-public-policy-pt,Blavatnik School of Government,        Part time  ,        6-8 years  
Public Policy 1+1 (MPP + MSc),https://www.ox.ac.uk/admissions/graduate/courses/public-policy-1plus1-programme,Blavatnik School of Government,        Full time  ,        2 years  
Public Policy MPP,https://www.ox.ac.uk/admissions/graduate/courses/master-public-policy,Blavatnik School of Government,        Full time  ,        1 year  
Public Policy Research MSc,https://www.ox.ac.uk/admissions/graduate/courses/msc-public-policy-research,Blavatnik School of Government,        Full time  ,        1 year  
Qualitative Health Research Methods PGCert,https://www.ox.ac.uk/admissions/graduate/courses/pgcert-qualitative-health-research-methods,"Department for Continuing Education, Nuffield Department of Primary Care Health Sciences",        Part time  ,        1-2 years  
Radiation Biology MSc,https://www.ox.ac.uk/admissions/graduate/courses/msc-radiation-biology,Department of Oncology,        Full time  ,        1 year  
Refugee and Forced Migration Studies MSc,https://www.ox.ac.uk/admissions/graduate/courses/msc-refugee-and-forced-migration-studies,Department of International Development,        Full time  ,        9 months  
Russian and East European Studies MPhil,https://www.ox.ac.uk/admissions/graduate/courses/mphil-russian-and-east-european-studies,Oxford School of Global and Area Studies,        Full time  ,        21 months  
Russian and East European Studies MSc,https://www.ox.ac.uk/admissions/graduate/courses/msc-russian-and-east-european-studies,Oxford School of Global and Area Studies,        Full time  ,        9 months  
Slavonic Studies MPhil,https://www.ox.ac.uk/admissions/graduate/courses/mphil-slavonic-studies,Faculty of Medieval and Modern Languages,        Full time  ,        21 months  
Slavonic Studies MSt,https://www.ox.ac.uk/admissions/graduate/courses/mst-slavonic-studies,Faculty of Medieval and Modern Languages,        Full time  ,        9 months  
Sleep Medicine MSc,https://www.ox.ac.uk/admissions/graduate/courses/msc-sleep-medicine,Nuffield Department of Clinical Neurosciences,        Part time  ,        2 years  
Sleep Medicine PGDip,https://www.ox.ac.uk/admissions/graduate/courses/pgdip-sleep-medicine,Nuffield Department of Clinical Neurosciences,        Part time  ,        2 years  
Social Anthropology MPhil,https://www.ox.ac.uk/admissions/graduate/courses/mphil-social-anthropology,School of Anthropology and Museum Ethnography,        Full time  ,        21 months  
Social Anthropology MSc,https://www.ox.ac.uk/admissions/graduate/courses/msc-social-anthropology,School of Anthropology and Museum Ethnography,        Full time  ,        1 year  
Social Data Science combined MSc and DPhil,https://www.ox.ac.uk/admissions/graduate/courses/msc-dphil-social-data-science-combined,Oxford Internet Institute,        Full time  ,        10 months + 3-4 years  
Social Data Science combined MSc and DPhil,https://www.ox.ac.uk/admissions/graduate/courses/msc-dphil-social-data-science-combined-pt,Oxford Internet Institute,        Mixed  ,        10 months + 6-8 years  
Social Data Science DPhil,https://www.ox.ac.uk/admissions/graduate/courses/dphil-social-data-science,Oxford Internet Institute,        Full time  ,        3-4 years  
Social Data Science DPhil,https://www.ox.ac.uk/admissions/graduate/courses/dphil-social-data-science-pt,Oxford Internet Institute,        Part time  ,        6-8 years  
Social Data Science MSc,https://www.ox.ac.uk/admissions/graduate/courses/msc-social-data-science,Oxford Internet Institute,        Full time  ,        10 months  
Social Intervention and Policy Evaluation DPhil,https://www.ox.ac.uk/admissions/graduate/courses/dphil-social-intervention,Department of Social Policy and Intervention,        Full time  ,        3-4 years  
Social Intervention and Policy Evaluation DPhil ,https://www.ox.ac.uk/admissions/graduate/courses/dphil-social-intervention-pt,Department of Social Policy and Intervention,        Part time  ,        6-8 years  
Social Policy DPhil,https://www.ox.ac.uk/admissions/graduate/courses/dphil-social-policy,Department of Social Policy and Intervention,        Full time  ,        3-4 years  
Social Policy DPhil,https://www.ox.ac.uk/admissions/graduate/courses/dphil-social-policy-pt,Department of Social Policy and Intervention,        Part time  ,        6-8 years  
Social Science of the Internet MSc,https://www.ox.ac.uk/admissions/graduate/courses/msc-social-science-internet,Oxford Internet Institute,        Full time  ,        10 months  
Social Science of the Internet MSc,https://www.ox.ac.uk/admissions/graduate/courses/msc-social-science-internet-pt,Oxford Internet Institute,        Part time  ,        22 months  
"Social Science of the Internet + Information, Communication and the Social Sciences combined MSc and DPhil",https://www.ox.ac.uk/admissions/graduate/courses/msc-dphil-social-science-internet-combined,Oxford Internet Institute,        Full time  ,        10 months + 3-4 years  
Socio-Legal Research MPhil,https://www.ox.ac.uk/admissions/graduate/courses/mphil-socio-legal-research,"Faculty of Law, Centre for Socio-Legal Studies",        Full time  ,        1 year  
Socio-Legal Studies DPhil,https://www.ox.ac.uk/admissions/graduate/courses/dphil-socio-legal-studies,"Faculty of Law, Centre for Socio-Legal Studies",        Full time  ,        3-4 years  
Socio-Legal Studies DPhil,https://www.ox.ac.uk/admissions/graduate/courses/dphil-socio-legal-studies-pt,"Faculty of Law, Centre for Socio-Legal Studies",        Part time  ,        6-8 years  
Sociology DPhil,https://www.ox.ac.uk/admissions/graduate/courses/dphil-sociology,Department of Sociology,        Full time  ,        3-4 years  
Sociology DPhil,https://www.ox.ac.uk/admissions/graduate/courses/dphil-sociology-pt,Department of Sociology,        Part time  ,        6-8 years  
Sociology MSc,https://www.ox.ac.uk/admissions/graduate/courses/msc-sociology,Department of Sociology,        Full time  ,        1 year  
Sociology MSc,https://www.ox.ac.uk/admissions/graduate/courses/msc-sociology-pt,Department of Sociology,        Part time  ,        2 years  
Sociology and Demography MPhil,https://www.ox.ac.uk/admissions/graduate/courses/mphil-sociology-demography,Department of Sociology,        Full time  ,        21 months  
Software and Systems Security MSc,https://www.ox.ac.uk/admissions/graduate/courses/msc-software-and-systems-security,Department of Computer Science,        Part time  ,        2-4 years  
Software Engineering MSc,https://www.ox.ac.uk/admissions/graduate/courses/msc-software-engineering,Department of Computer Science,        Part time  ,        2-4 years  
Statistical Science MSc,https://www.ox.ac.uk/admissions/graduate/courses/msc-statistical-science,Department of Statistics,        Full time  ,        1 year  
Statistical Science PGDip,https://www.ox.ac.uk/admissions/graduate/courses/pgdip-statistical-science,Department of Statistics,        Full time  ,        9 months  
Statistics DPhil,https://www.ox.ac.uk/admissions/graduate/courses/dphil-statistics,Department of Statistics,        Full time  ,        3-4 years  
Statistics MSc by Research,https://www.ox.ac.uk/admissions/graduate/courses/msc-research-statistics,Department of Statistics,        Full time  ,        2-3 years  
Statistics and Epidemiology PGCert,https://www.ox.ac.uk/admissions/graduate/courses/pgcert-statistics-epidemiology,Nuffield Department of Population Health,        Part time  ,        7 months  
Strategy and Innovation PGDip,https://www.ox.ac.uk/admissions/graduate/courses/pgdip-strategy-and-innovation,Saïd Business School,        Part time  ,        1 year  
Study of Religions MSt,https://www.ox.ac.uk/admissions/graduate/courses/mst-study-religions,Faculty of Theology and Religion,        Full time  ,        9 months  
Surgical Science and Practice MSc,https://www.ox.ac.uk/admissions/graduate/courses/msc-surgical-science-and-practice,"Department for Continuing Education, Nuffield Department of Surgical Sciences",        Part time  ,        2-4 years  
Surgical Sciences DPhil,https://www.ox.ac.uk/admissions/graduate/courses/dphil-surgical-sciences,Nuffield Department of Surgical Sciences,        Full time  ,        3-4 years  
Surgical Sciences MSc by Research,https://www.ox.ac.uk/admissions/graduate/courses/msc-research-surgical-sciences,Nuffield Department of Surgical Sciences,        Full time  ,        1-3 years  
"Sustainability, Enterprise and the Environment MSc",https://www.ox.ac.uk/admissions/graduate/courses/msc-sustainability-enterprise-environment,School of Geography and the Environment,        Full time  ,        1 year  
Sustainable Approaches to Biomedical Science: Responsible and Reproducible Research EPSRC CDT,https://www.ox.ac.uk/admissions/graduate/courses/sustainable-approaches-biomedical-science,MPLS Doctoral Training Centre,        Full time  ,        4 years  
Sustainable Urban Development DPhil,https://www.ox.ac.uk/admissions/graduate/courses/dphil-sustainable-urban-development,Department for Continuing Education,        Part time  ,        4-8 years  
Sustainable Urban Development MSc,https://www.ox.ac.uk/admissions/graduate/courses/msc-sustainable-urban-development,Department for Continuing Education,        Part time  ,        2 years  
Synthesis for Biology and Medicine CDT,https://www.ox.ac.uk/admissions/graduate/courses/synthesis-biology-and-medicine,Department of Chemistry,        Full time  ,        4 years  
Syriac Studies MSt,https://www.ox.ac.uk/admissions/graduate/courses/mst-syriac-studies,Faculty of Oriental Studies,        Full time  ,        9 months  
Taxation MSc,https://www.ox.ac.uk/admissions/graduate/courses/msc-taxation,Faculty of Law,        Part time  ,        2 years  
Teacher Education MSc,https://www.ox.ac.uk/admissions/graduate/courses/msc-teacher-education,Department of Education,        Part time  ,        2 years  
Teaching and Learning in Higher Education PGCert,https://www.ox.ac.uk/admissions/graduate/courses/pgcert-teaching-learning-in-higher-education,Centre for Teaching and Learning,        Part time  ,        1 year  
Teaching Evidence-Based Health Care PGCert,https://www.ox.ac.uk/admissions/graduate/courses/pgcert-teaching-evidence-based-health,"Department for Continuing Education, Nuffield Department of Primary Care Health Sciences",        Part time  ,        1-2 years  
Theology BTh,https://www.ox.ac.uk/admissions/graduate/courses/bth-theology,Faculty of Theology and Religion,        Full time  ,        Contact department  
Theology BTh,https://www.ox.ac.uk/admissions/graduate/courses/bth-theology-pt,Faculty of Theology and Religion,        Part time  ,        Contact department  
Theology MPhil,https://www.ox.ac.uk/admissions/graduate/courses/mphil-theology,Faculty of Theology and Religion,        Full time  ,        21 months  
Theology MSt,https://www.ox.ac.uk/admissions/graduate/courses/mst-theology,Faculty of Theology and Religion,        Full time  ,        9 months  
Theology and Religion DPhil,https://www.ox.ac.uk/admissions/graduate/courses/dphil-theology-and-religion,Faculty of Theology and Religion,        Full time  ,        3 years  
Theology and Religion DPhil,https://www.ox.ac.uk/admissions/graduate/courses/dphil-theology-and-religion-pt,Faculty of Theology and Religion,        Part time  ,        6 years  
Theology and Religion PGDip,https://www.ox.ac.uk/admissions/graduate/courses/pgdip-theology-and-religion,Faculty of Theology and Religion,        Full time  ,        9 months  
Theology and Religion PGDip,https://www.ox.ac.uk/admissions/graduate/courses/pgdip-theology-and-religion-pt,Faculty of Theology and Religion,        Part time  ,        21 months  
Theoretical and Computational Chemistry MSc,https://www.ox.ac.uk/admissions/graduate/courses/msc-theoretical-and-computational-chemistry-stand-alone,Department of Chemistry,        Full time  ,        10 months  
Theoretical Physics DPhil,https://www.ox.ac.uk/admissions/graduate/courses/dphil-theoretical-physics,Department of Physics,        Full time  ,        3-4 years  
Tibetan and Himalayan Studies MPhil,https://www.ox.ac.uk/admissions/graduate/courses/mphil-tibetan-and-himalayan-studies,Faculty of Oriental Studies,        Full time  ,        21 months  
Traditional China MSt,https://www.ox.ac.uk/admissions/graduate/courses/mst-traditional-china,Faculty of Oriental Studies,        Full time  ,        9 months  
Traditional East Asia MPhil,https://www.ox.ac.uk/admissions/graduate/courses/mphil-traditional-east-asia,Faculty of Oriental Studies,        Full time  ,        21 months  
Translational Health Sciences DPhil,https://www.ox.ac.uk/admissions/graduate/courses/dphil-translational-health-sciences,Nuffield Department of Primary Care Health Sciences,        Full time  ,        3-4 years  
Translational Health Sciences MSc,https://www.ox.ac.uk/admissions/graduate/courses/msc-translational-health-sciences,"Department for Continuing Education, Nuffield Department of Primary Care Health Sciences",        Full time  ,        1 year  
Translational Health Sciences MSc,https://www.ox.ac.uk/admissions/graduate/courses/msc-translational-health-sciences-pt,"Department for Continuing Education, Nuffield Department of Primary Care Health Sciences",        Part time  ,        2-4 years  
"Visual, Material and Museum Anthropology MPhil",https://www.ox.ac.uk/admissions/graduate/courses/mphil-visual-material-and-museum-anthropology,School of Anthropology and Museum Ethnography,        Full time  ,        21 months  
"Visual, Material and Museum Anthropology MSc",https://www.ox.ac.uk/admissions/graduate/courses/msc-visual-material-and-museum-anthropology,School of Anthropology and Museum Ethnography,        Full time  ,        1 year  
"Water Science, Policy and Management MPhil",https://www.ox.ac.uk/admissions/graduate/courses/mphil-water-science-policy-and-management,School of Geography and the Environment,        Full time  ,        2 years  
"Water Science, Policy and Management MSc",https://www.ox.ac.uk/admissions/graduate/courses/msc-water-science-policy-and-management,School of Geography and the Environment,        Full time  ,        1 year  
Wind and Marine Energy Systems and Structures (DEng) EPSRC CDT,https://www.ox.ac.uk/admissions/graduate/courses/deng-wind-marine-energy-systems-structures,Department of Engineering Science,        Full time  ,        4 years  
Wind and Marine Energy Systems and Structures (DPhil) EPSRC CDT,https://www.ox.ac.uk/admissions/graduate/courses/dphil-wind-marine-energy-systems-structures,Department of Engineering Science,        Full time  ,        4 years  
Women's and Reproductive Health DPhil,https://www.ox.ac.uk/admissions/graduate/courses/dphil-womens-and-reproductive-health,Nuffield Department of Women's & Reproductive Health,        Full time  ,        3-4 years  
Women's and Reproductive Health MSc by Research,https://www.ox.ac.uk/admissions/graduate/courses/msc-research-womens-and-reproductive-health,Nuffield Department of Women's & Reproductive Health,        Full time  ,        1-3 years  
"Women's, Gender, and Sexuality Studies MSt",https://www.ox.ac.uk/admissions/graduate/courses/mst-womens-gender-sexuality-studies,Humanities Interdisciplinary Courses,        Full time  ,        9 months  
World Literatures in English MSt,https://www.ox.ac.uk/admissions/graduate/courses/mst-world-literatures-english,Faculty of English Language and Literature,        Full time  ,        9 months  
Yiddish Studies MSt,https://www.ox.ac.uk/admissions/graduate/courses/mst-yiddish-studies,Faculty of Medieval and Modern Languages,        Full time  ,        9 months  